Feature,Importance
opponent_pre_rating,0.6289948993401608
player_pre_rating,0.26615259855516404
time_control_Quick,0.04992638326904235
time_control_Mixed,0.0326723352391944
time_control_Regular,0.022253783596438457
