approach,accuracy,precision,recall,f1,roc_auc,n_test_rows
Elo zero-shot (closed-form LLM-derivable),0.7097026604068858,0.6426858513189448,0.8801313628899836,0.7428967428967429,0.824990611676865,1278
RandomForest (k-fold tuned ML pipeline),0.7378716744913928,0.7069486404833837,0.7684729064039408,0.7364280094413848,0.8234111643729705,1278
