Feature,Coefficient
expected_score_player,-0.5778794015316073
time_control_Mixed,0.2550399723506673
time_control_Quick,0.21548642848940935
time_control_Regular,0.17384213747727018
Intercept,-0.11022788336770081
