Feature,Coefficient
rating_diff,-0.00020528138345991644
time_control_Mixed,0.2734144860202306
time_control_Quick,0.19719073023904593
time_control_Regular,0.17668360469622457
Intercept,-0.3994550067104081
