Feature,Importance
opponent_pre_rating,0.6894138795424083
player_pre_rating,0.2607010309968939
time_control_Quick,0.023234865995044332
time_control_Mixed,0.014053517389427466
time_control_Regular,0.012596706076226039
